,gene,cell_type,p_val,logFC,p_val_adj,SnG_score,hallmarker,batches,gene_cell_type
0,ACTN3,"Mesenchymal, Immune",0.9693273894845438,1.48140993,0.9997818595567486,0.043911837041378,False,0,"ACTN3_Mesenchymal, Immune"
1,SELPLG,Epithelial,0.8025845046820692,1.1383463,0.9900983613094284,0.0006760138785466,True,0,SELPLG_Epithelial
2,RHOXF1,"Mesenchymal, Immune",0.9382109481732486,3.583468,0.9997818595567486,0.0882411040365696,False,0,"RHOXF1_Mesenchymal, Immune"
3,PGF,Immune,0.8959901688699544,0.67868525,1.0,0.00044162228005,True,0,PGF_Immune
4,OR52K1,Immune,0.9839720780640452,1.1434455,1.0,0.048595555126667,False,0,OR52K1_Immune
5,OR2M4,Endothelial,0.8689227594300177,24.745121,1.0,0.0983690246939659,False,0,OR2M4_Endothelial
6,NSG2,Immune,0.7808813838135076,6.1281013,1.0,0.0821994617581367,False,0,NSG2_Immune
7,NRG1,Mesenchymal,0.9470243304429128,0.9396094,0.9995637191134972,0.0030707707628607,True,0,NRG1_Mesenchymal
8,NDP,Mesenchymal,0.949566899486192,3.1734164,0.9995637191134972,0.0677338689565658,False,0,NDP_Mesenchymal
9,SEMA3F,Immune,0.7910881361211747,0.6728689,1.0,0.0004993677721358,True,0,SEMA3F_Immune
10,NDN,Immune,0.7885393186252396,0.46348765,1.0,0.0011029611341655,True,0,NDN_Immune
11,MMP2,"Immune, Epithelial",0.2744585670035501,0.6237876,0.4000667261022829,0.0001767694047885,True,0,"MMP2_Immune, Epithelial"
12,MMP10,"Immune, Epithelial",0.8578629429009125,0.8088608,1.0,0.0026753256097435,True,0,"MMP10_Immune, Epithelial"
13,MATK,Endothelial,0.7410688014533549,0.43385163,1.0,0.0008433844195678,True,0,MATK_Endothelial
14,MAST1,"Mesenchymal, Epithelial",0.916593572697722,1.1677535,0.9997818595567486,0.0186146674677729,True,0,"MAST1_Mesenchymal, Epithelial"
15,MASP2,Mesenchymal,0.989227535452496,1.1715667,0.9995637191134972,0.0847889259457588,False,0,MASP2_Mesenchymal
16,MAPK12,"Immune, Epithelial",0.6046447523619214,0.30431325,0.8497667350255809,0.0005766124813817,True,0,"MAPK12_Immune, Epithelial"
17,MAP2K6,Immune,0.7624802156532854,1.5023624,1.0,0.007653837557882,True,0,MAP2K6_Immune
18,MANSC4,Mesenchymal,0.995887583147238,0.9678723,1.0,0.0620695240795612,False,0,MANSC4_Mesenchymal
19,MMP3,"Mesenchymal, Immune, Endothelial, Epithelial",0.9191933568835208,1.17143935,0.9998909297783742,0.0058210139395669,True,0,"MMP3_Mesenchymal, Immune, Endothelial, Epithelial"
20,LOR,Immune,0.9466446918652957,2.4260142,1.0,0.0801603496074676,False,0,LOR_Immune
21,SERPINB4,Epithelial,0.996398831918871,1.043664,1.0,0.0175706651061773,True,0,SERPINB4_Epithelial
22,SLC13A3,"Immune, Endothelial",0.968067556793078,2.0839847,1.0,0.0053106676787137,True,0,"SLC13A3_Immune, Endothelial"
23,XKR3,Immune,0.9697534908990044,1.9417464,1.0,0.0752172395586967,False,0,XKR3_Immune
24,WNT2,"Immune, Epithelial",0.8256591548802532,0.733003495,1.0,0.0009460981818847,True,0,"WNT2_Immune, Epithelial"
25,VGF,"Mesenchymal, Immune, Endothelial",0.933489245870186,2.5858729,0.9998545730378324,0.0529908649623394,True,0,"VGF_Mesenchymal, Immune, Endothelial"
26,USH1C,Mesenchymal,0.9363695546230704,3.033711,0.9995637191134972,0.0819920524954795,False,0,USH1C_Mesenchymal
27,TUBGCP2,Endothelial,0.4368804957996669,0.37785885,0.7993203158931353,0.0003663208335638,True,0,TUBGCP2_Endothelial
28,TNFRSF11B,Epithelial,0.971196816298496,1.0823328,1.0,0.0012758711818605,True,0,TNFRSF11B_Epithelial
29,TNFRSF10C,Immune,0.6720148672470014,1.1916487,0.9561458428425612,0.0021807728335261,True,0,TNFRSF10C_Immune
30,TNF,Endothelial,0.9867106916763048,0.8842222,1.0,0.0020856435876339,True,0,TNF_Endothelial
31,SERPINE2,Immune,0.6587034045478088,0.9470603,0.943801998200597,0.0004620078834705,True,0,SERPINE2_Immune
32,TFAP4,"Mesenchymal, Immune",0.715015396812941,0.3121555,0.9148638428937824,0.0031852817628532,True,0,"TFAP4_Mesenchymal, Immune"
33,TEX43,"Mesenchymal, Immune",0.9508644276385652,3.3410058,0.9997818595567486,0.0789243653416633,False,0,"TEX43_Mesenchymal, Immune"
34,TAFA1,"Immune, Endothelial",0.9064579738877384,13.12970015,1.0,0.0715913996100425,False,0,"TAFA1_Immune, Endothelial"
35,TACC3,Mesenchymal,0.5262876164851994,0.27613035,0.7362226084434422,0.0014759398763999,True,0,TACC3_Mesenchymal
36,STRIT1,Mesenchymal,0.9231896695122536,23.029867,0.9995637191134972,0.096236303448677,False,0,STRIT1_Mesenchymal
37,SPX,"Immune, Epithelial",0.9502838255798088,12.54321065,1.0,0.0295428810641169,True,0,"SPX_Immune, Epithelial"
38,SPATA21,Immune,0.9235806988504432,23.03873,1.0,0.0943560600280761,False,0,SPATA21_Immune
39,SOX2,Mesenchymal,0.9958428833663592,1.622354,1.0,0.007358452770859,True,0,SOX2_Mesenchymal
40,SORBS2,"Immune, Endothelial, Epithelial",0.7043287806985057,0.3358752766666666,0.8847157712161047,0.002814125502482,True,0,"SORBS2_Immune, Endothelial, Epithelial"
41,TFAP2A,"Immune, Endothelial",0.9430410444871122,2.00239835,1.0,0.0046009251382201,True,0,"TFAP2A_Immune, Endothelial"
42,ISLR2,"Immune, Endothelial",0.9064579738877384,13.1209854,1.0,0.0639749281108379,False,0,"ISLR2_Immune, Endothelial"
43,PROX1,"Mesenchymal, Epithelial",0.9119276875753072,1.36952235,0.9997818595567486,0.006444955477491,True,0,"PROX1_Mesenchymal, Epithelial"
44,IL1B,Epithelial,0.930023506122002,0.5785669,1.0,0.0010507554979994,True,0,IL1B_Epithelial
45,CTXND1,Mesenchymal,0.9496115106204566,2.377714,0.9995637191134972,0.0930599719285965,False,0,CTXND1_Mesenchymal
46,CPLX3,Immune,0.985174681837362,1.2133492,1.0,0.0939999148249626,False,0,CPLX3_Immune
47,COL1A2,"Immune, Epithelial",0.1160471535943157,0.940076115,0.1935066309692067,0.0001763377949828,True,0,"COL1A2_Immune, Epithelial"
48,CHEK1,Endothelial,0.956165328699826,1.1349673,1.0,0.0023035053163766,True,0,CHEK1_Endothelial
49,CHAD,Mesenchymal,0.9363695546230704,3.720526,0.9995637191134972,0.080688789486885,False,0,CHAD_Mesenchymal
50,CDK6,Epithelial,0.4580488595468605,0.43138298,0.6662959484599579,0.0008997347322292,True,0,CDK6_Epithelial
51,CD1A,Immune,0.9774630334476194,1.6900678,1.0,0.0920027419924736,False,0,CD1A_Immune
52,CCR3,Endothelial,0.8995699493277852,3.7496643,1.0,0.0929815173149108,False,0,CCR3_Endothelial
53,CXCL10,Endothelial,0.8656967384704461,0.6588577,1.0,0.0031846356578171,True,0,CXCL10_Endothelial
54,CCL8,Endothelial,0.966886934185881,0.8149151,1.0,0.001903660595417,True,0,CCL8_Endothelial
55,CCL26,"Immune, Endothelial",0.8691552378234628,2.99021455,1.0,0.0086064408533275,True,0,"CCL26_Immune, Endothelial"
56,CCL24,Mesenchymal,0.9578671406044464,0.26598686,0.9995637191134972,0.0069110016338527,True,0,CCL24_Mesenchymal
57,CCL1,Immune,0.968447049079375,0.42349413,1.0,0.0393385961651802,True,0,CCL1_Immune
58,CA6,Immune,0.9466968719080124,2.018231,1.0,0.088514432311058,False,0,CA6_Immune
59,BMP6,Endothelial,0.9002799242871664,0.62846196,1.0,0.0020813897717744,True,0,BMP6_Endothelial
60,INHA,"Immune, Epithelial",0.9754832301934494,1.88573135,1.0,0.0063195077236741,True,0,"INHA_Immune, Epithelial"
61,ANGPT1,Epithelial,0.8667554776009034,0.71246487,1.0,0.0012621900532394,True,0,ANGPT1_Epithelial
62,ALDH1A3,Endothelial,0.7965685451150858,1.7445406,1.0,0.0009700545342639,True,0,ALDH1A3_Endothelial
63,CCL4,Mesenchymal,0.836660526745537,0.4826451,0.9995637191134972,0.0012636471074074,True,0,CCL4_Mesenchymal
64,CXCL12,Epithelial,0.7885796761100059,0.8387998,0.9787954185054916,0.0005046742153353,True,0,CXCL12_Epithelial
65,BLK,Immune,0.9297516719734802,0.77098554,1.0,0.0139622027054429,True,0,BLK_Immune
66,CXCR2,Immune,0.6487251905678351,1.717549,0.9348638254804535,0.0115687828510999,True,0,CXCR2_Immune
67,CXCL14,Immune,0.985174681837362,1.0848393,1.0,0.0084212124347686,True,0,CXCL14_Immune
68,IL1A,Epithelial,0.9268266839645444,0.88115424,1.0,0.0033987418282777,True,0,IL1A_Epithelial
69,IGSF3,"Immune, Epithelial",0.6740754774081841,0.750344605,0.7726019517473546,0.0040157899493351,True,0,"IGSF3_Immune, Epithelial"
70,IGFBP5,Immune,0.7980392413606827,0.3586207,1.0,0.0007091988809406,True,0,IGFBP5_Immune
71,IGFBP3,"Immune, Endothelial",0.7158844903231905,0.4739584699999999,0.9679307038693152,0.0002727459796005,True,0,"IGFBP3_Immune, Endothelial"
72,IGF1,Immune,0.8861724535660783,0.62785125,1.0,0.001312093110755,True,0,IGF1_Immune
73,HRNR,Mesenchymal,0.8666377195685179,3.2377179,0.9995637191134972,0.0879730433225631,False,0,HRNR_Mesenchymal
74,HK3,Mesenchymal,0.7991407587098623,0.44207475,0.9995637191134972,0.0006139467586763,True,0,HK3_Mesenchymal
75,HGF,Immune,0.8974162641768048,0.75530994,1.0,0.0006510086823254,True,0,HGF_Immune
76,IL10,Mesenchymal,0.9776974148791788,1.344455,0.9995637191134972,0.0032733639236539,True,0,IL10_Mesenchymal
77,FGF7,Immune,0.5911731739610699,0.2932476,0.8723271524603886,0.0003040997835341,True,0,FGF7_Immune
78,FGF2,Immune,0.4531014473649761,0.32330576,0.7103798786339237,0.0002763242518994,True,0,FGF2_Immune
79,FGF1,Endothelial,0.8997727911409295,2.6755307,1.0,0.0099792601540684,True,0,FGF1_Endothelial
80,F3,Mesenchymal,0.0833337478903984,0.25969604,0.1441823863477731,0.0003802811552304,True,0,F3_Mesenchymal
81,EIF2S2,Immune,0.8015335128532228,0.25051922,1.0,0.0037999097257852,True,0,EIF2S2_Immune
82,EHF,Mesenchymal,0.9086984901682484,0.5540129,0.9995637191134972,0.0011439807713031,True,0,EHF_Mesenchymal
83,EGF,Epithelial,0.9556344247732116,1.4938226,1.0,0.0391352139413356,True,0,EGF_Epithelial
84,GPHA2,Epithelial,0.9577450456278644,3.3165252,1.0,0.0780129805207252,False,0,GPHA2_Epithelial
85,E2F1,Immune,0.9980911649479448,0.46418792,1.0,0.0027248400729149,True,0,E2F1_Immune
86,PPM1E,Mesenchymal,0.9841181555285116,1.1970361,1.0,0.0616248734295368,False,1,PPM1E_Mesenchymal
87,PLAT,Immune,0.0506783753702842,1.6451188,0.0965764765715218,0.0004388697852846,True,1,PLAT_Immune
88,PDE6A,Mesenchymal,0.9841181555285116,1.1087452,1.0,0.0712184533476829,False,1,PDE6A_Mesenchymal
89,MRAP,Endothelial,0.8764662584689431,3.1141837,1.0,0.0048304088413715,False,1,MRAP_Endothelial
90,MMP3,Epithelial,0.922820980154474,0.6562215,0.998112068855075,0.0023939309176057,True,1,MMP3_Epithelial
91,MMP10,Endothelial,0.719588186897612,0.30113512,1.0,0.0012020152062177,True,1,MMP10_Endothelial
92,MAPK12,Immune,0.3180914082988872,0.9580812,0.4996969009988392,0.000287644797936,True,1,MAPK12_Immune
93,KRTAP21-2,Mesenchymal,0.8204710532123486,3.9645617,1.0,0.0712357759475708,False,1,KRTAP21-2_Mesenchymal
94,LMAN1L,Mesenchymal,0.9733768171997228,0.92952913,1.0,0.0697664022445678,False,1,LMAN1L_Mesenchymal
95,LCT,Immune,0.9821167425371486,1.2529525,1.0,0.0581224858760833,False,1,LCT_Immune
96,KRT31,Mesenchymal,0.9520981870138486,20.763075,1.0,0.068445086479187,False,1,KRT31_Mesenchymal
97,KLK7,Immune,0.9111730979055436,22.623772,1.0,0.0112814251333475,False,1,KLK7_Immune
98,KCNS2,Endothelial,0.9172215079809866,4.7334666,1.0,0.0048270630650222,False,1,KCNS2_Endothelial
99,IRF5,Endothelial,0.9561193218454518,0.3954939,1.0,0.0006277677020989,True,1,IRF5_Endothelial
100,PROX1,Endothelial,0.6903368236957129,1.134834,1.0,0.003897309070453,True,1,PROX1_Endothelial
101,IL18,"Immune, Mesenchymal",0.5059744158672494,0.7342834699999999,0.6038727484890971,0.0003695524792419,True,1,"IL18_Immune, Mesenchymal"
102,MAP2K6,Immune,0.9039033854459106,0.3958416,1.0,0.0042125275358557,True,1,MAP2K6_Immune
103,PTTG1,Mesenchymal,0.3361885703986579,0.2814869,0.4899776308759699,0.0011236352147534,True,1,PTTG1_Mesenchymal
104,TFAP2A,Mesenchymal,0.9884719893573856,1.0097464,1.0,0.0024245916865766,True,1,TFAP2A_Mesenchymal
105,SERPINB4,Mesenchymal,0.9733768171997228,1.6625195,1.0,0.0071501722559332,True,1,SERPINB4_Mesenchymal
106,IL10,Mesenchymal,0.9260486830491642,0.9170862,1.0,0.0017217395361512,True,1,IL10_Mesenchymal
107,ZNF728,Epithelial,0.9165702495136188,3.123989,0.998112068855075,0.005416598636657,False,1,ZNF728_Epithelial
108,WFIKKN2,Mesenchymal,0.9947214043205534,0.41301858,1.0,0.065974585711956,False,1,WFIKKN2_Mesenchymal
109,VGF,Mesenchymal,0.9411582912622972,2.090473,1.0,0.0463774055242538,True,1,VGF_Mesenchymal
110,TTR,Mesenchymal,0.9733768171997228,2.0151498,1.0,0.0688762068748474,False,1,TTR_Mesenchymal
111,TNFRSF10C,Immune,0.4296221033542516,1.3642844,0.6453065397526203,0.0011936571681872,True,1,TNFRSF10C_Immune
112,TMEM262,Mesenchymal,0.9734864016275792,0.69409275,1.0,0.070109061896801,False,1,TMEM262_Mesenchymal
113,RIMS1,Mesenchymal,0.9733455074554108,2.8557293,1.0,0.0659122765064239,False,1,RIMS1_Mesenchymal
114,TLDC2,Immune,0.2037802084906581,2.3312325,0.3386370049203226,0.0102407671511173,False,1,TLDC2_Immune
115,TBR1,Mesenchymal,0.9947527308448963,0.3850806,1.0,0.0779835805296897,False,1,TBR1_Mesenchymal
116,TACC3,Endothelial,0.8451265436986397,0.7744849,1.0,0.0006910323281772,True,1,TACC3_Endothelial
117,SVOPL,"Immune, Endothelial",0.889374909041171,13.2749117,1.0,0.0435710400342941,False,1,"SVOPL_Immune, Endothelial"
118,SOX5,"Immune, Mesenchymal",0.9059681119903144,0.620617435,1.0,0.0010258957627229,True,1,"SOX5_Immune, Mesenchymal"
119,SOX2,Mesenchymal,0.9572588258456006,1.9102135,1.0,0.0035930876620113,True,1,SOX2_Mesenchymal
120,SORBS2,Immune,0.88200299187164,0.5411834,1.0,0.0013009464601054,True,1,SORBS2_Immune
121,SLC30A2,"Immune, Mesenchymal",0.7340582765224719,2.6167916,0.8562170915612374,0.0186549061909317,False,1,"SLC30A2_Immune, Mesenchymal"
122,TFAP4,Immune,0.9988160547658114,0.27997229,1.0,0.0021167357917875,True,1,TFAP4_Immune
123,IGFBP2,Mesenchymal,0.6791709913092145,0.4176243,0.8952138889141127,0.0006455334951169,True,1,IGFBP2_Mesenchymal
124,CCL8,Epithelial,0.982346554542024,1.357586,0.998112068855075,0.0008834436885081,True,1,CCL8_Epithelial
125,GSTA2,Epithelial,0.9642250641772706,0.9832024,0.998112068855075,0.0519496276974678,False,1,GSTA2_Epithelial
126,CD55,Immune,0.6220762289831853,0.34537768,0.8658952874229033,0.0001369095989502,True,1,CD55_Immune
127,CCL7,Endothelial,0.930754283877429,0.7753718,1.0,0.0004349703085608,True,1,CCL7_Endothelial
128,CCL3L1,Endothelial,0.98744543063068,1.2590618,1.0,0.0022066088858991,True,1,CCL3L1_Endothelial
129,CCL24,Epithelial,0.9639072807828276,1.7853978,0.998112068855075,0.0034515955485403,True,1,CCL24_Epithelial
130,CCL13,Endothelial,0.9733753625582584,1.3327757,1.0,0.001295359339565,True,1,CCL13_Endothelial
131,CCDC192,Mesenchymal,0.994643088045402,0.5579519,1.0,0.051650159060955,False,1,CCDC192_Mesenchymal
132,C5orf47,Endothelial,0.9312323005079208,4.1770554,1.0,0.0438678376376628,False,1,C5orf47_Endothelial
133,BRAF,Immune,0.2033166043182405,0.29436287,0.3379751909794107,0.0003691990277729,True,1,BRAF_Immune
134,BPIFA2,Mesenchymal,0.9627185376757734,3.7193127,1.0,0.0596303269267082,False,1,BPIFA2_Mesenchymal
135,BLK,Immune,0.3627706967667023,2.0613768,0.5605208256355461,0.0130267506465315,True,1,BLK_Immune
136,BHLHE40,Immune,4.691945003218633e-07,0.7150966,2.2999785372234845e-06,0.0001004786972771,True,1,BHLHE40_Immune
137,AREG,"Immune, Mesenchymal",0.6698307435279549,0.81140338,0.7724159717991457,0.0006661640654783,True,1,"AREG_Immune, Mesenchymal"
138,ALOX15B,"Epithelial, Endothelial",0.6226871885451123,0.262941345,0.7316465393701148,0.0015641351346857,True,1,"ALOX15B_Epithelial, Endothelial"
139,ABI3,Mesenchymal,0.7270396185488424,0.26903906,0.9421821365909828,0.0007930640131235,True,1,ABI3_Mesenchymal
140,IGFBP1,Mesenchymal,0.994643088045402,0.9187721,1.0,0.0501172430813312,True,1,IGFBP1_Mesenchymal
141,CDKN2A,Immune,0.9536190692722276,0.7843523,1.0,0.0053400238975882,True,1,CDKN2A_Immune
142,CHEK1,Endothelial,0.8862725059207187,0.30259153,1.0,0.0009430812788195,True,1,CHEK1_Endothelial
143,CCL1,Mesenchymal,0.9839772112788074,1.5675467,1.0,0.0212865602225065,True,1,CCL1_Mesenchymal
144,CSF2,Epithelial,0.7405618516034511,0.35115752,0.9534150090838988,0.0043927426449954,True,1,CSF2_Epithelial
145,GRIK4,Immune,0.964762171352785,0.98976195,1.0,0.0042419196106493,False,1,GRIK4_Immune
146,CNTD1,Mesenchymal,0.9254872355523972,3.1795151,1.0,0.0595806092023849,False,1,CNTD1_Mesenchymal
147,GFRA3,"Immune, Mesenchymal",0.8158829481054157,13.0130099,0.9618026001007348,0.0514234639704227,False,1,"GFRA3_Immune, Mesenchymal"
148,GABRQ,Mesenchymal,0.946783267623478,1.2999893,1.0,0.0612181574106216,False,1,GABRQ_Mesenchymal
149,FOXI3,Mesenchymal,0.9627185376757734,2.9598486,1.0,0.0448915660381317,False,1,FOXI3_Mesenchymal
150,FGF8,"Immune, Epithelial, Mesenchymal",0.9173604648898642,9.872102,0.9993706896183584,0.0564646013081073,False,1,"FGF8_Immune, Epithelial, Mesenchymal"
151,FGF1,Immune,0.9960894072359596,1.1887934,1.0,0.0040838560089468,True,1,FGF1_Immune
152,FFAR1,Immune,0.5763550865109599,2.2996027,0.8183218842451478,0.0250763222575187,False,1,FFAR1_Immune
153,FAM221B,Epithelial,0.9637483912323552,1.9357561,0.998112068855075,0.0548581443727016,False,1,FAM221B_Epithelial
154,GMFG,Mesenchymal,0.8877205278559261,0.63634163,1.0,0.0004504429816734,True,1,GMFG_Mesenchymal
155,EREG,"Epithelial, Mesenchymal",0.8796370301289105,0.909756415,0.995778003450094,0.001625295379199,True,1,"EREG_Epithelial, Mesenchymal"
156,EHF,"Mesenchymal, Endothelial",0.8661276680719253,0.66974675,0.991122903068206,0.0006192687433212,True,1,"EHF_Mesenchymal, Endothelial"
157,EDN1,Mesenchymal,0.752459247417913,0.32468906,0.9652081417771444,0.0008808785933069,True,1,EDN1_Mesenchymal
158,CXCR2,Immune,0.9436122764428644,0.56954795,1.0,0.0076694278977811,True,1,CXCR2_Immune
159,CXCL13,"Immune, Mesenchymal",0.93958150712233,2.285041875,1.0,0.0762591734528541,False,1,"CXCL13_Immune, Mesenchymal"
160,CSF2RB,Immune,0.72953931403965,0.33560967,0.9697191807281084,0.0003170672571286,True,1,CSF2RB_Immune
161,ERVFRD-1,Immune,0.3057737229316984,3.701085,0.4826434471015496,0.0191348996013402,False,1,ERVFRD-1_Immune
162,PGF,Epithelial,0.7639273938499909,0.7289777,1.0,0.0004493242013268,True,2,PGF_Epithelial
163,PDZD2,Immune,0.8521184691492014,0.3370123,1.0,0.0018675267929211,True,2,PDZD2_Immune
164,PDIK1L,Epithelial,0.7480958759603834,0.6292699,1.0,0.0013919440098106,True,2,PDIK1L_Epithelial
165,OR2Z1,Immune,0.9221863977210212,2.8340666,1.0,0.03549824655056,False,2,OR2Z1_Immune
166,NRG1,Epithelial,0.8287424098344214,0.9439505,1.0,0.0030140422750264,True,2,NRG1_Epithelial
167,NLRP6,Immune,0.7371159484502738,0.47317666,1.0,0.008908461779356,False,2,NLRP6_Immune
168,NAP1L4,Immune,0.6891719876703326,0.4302791,0.961782768507461,0.0003035992849618,True,2,NAP1L4_Immune
169,MXD4,Immune,0.1110442369233119,0.2615641,0.2172861054819586,0.0003606496029533,True,2,MXD4_Immune
170,MMP1,Epithelial,0.6258609050096298,1.1555241,0.9705924678411516,0.0003944302734453,True,2,MMP1_Epithelial
171,MMP13,Epithelial,0.900711614771442,2.2191522,1.0,0.0179721545428037,True,2,MMP13_Epithelial
172,MMP10,Epithelial,0.93961398439483,1.1742557,1.0,0.0024987941142171,True,2,MMP10_Epithelial
173,MDM2,Endothelial,0.3745525310210373,0.49941286,0.6568252340230657,0.0001978208019863,True,2,MDM2_Endothelial
174,MAST1,"Mesenchymal, Immune",0.9793661792234428,1.28452745,1.0,0.0202442221343517,True,2,"MAST1_Mesenchymal, Immune"
175,MAPK12,Immune,0.9336269143110144,0.75356036,1.0,0.0005925284349359,True,2,MAPK12_Immune
176,LHCGR,"Mesenchymal, Endothelial",0.9381451979962604,12.57603085,1.0,0.0331467427313327,False,2,"LHCGR_Mesenchymal, Endothelial"
177,ITPKA,Mesenchymal,0.942037777416813,1.2797426,1.0,0.0122668342664837,True,2,ITPKA_Mesenchymal
178,MMP3,Epithelial,0.9303349121259928,1.6776901,1.0,0.0053036687895655,True,2,MMP3_Epithelial
179,PLAT,Immune,0.0237149458987939,1.7684709,0.0560081002499904,0.0008510781917721,True,2,PLAT_Immune
180,ZFP36,Immune,0.002190537686297,0.5287878,0.0067495778888413,0.0002443526464048,True,2,ZFP36_Immune
181,RGL4,"Mesenchymal, Immune",0.8664968590378164,11.11336725,1.0,0.0246399035677313,False,2,"RGL4_Mesenchymal, Immune"
182,IRF5,"Mesenchymal, Endothelial",0.9406629237019506,0.948965485,1.0,0.0013817757135257,True,2,"IRF5_Mesenchymal, Endothelial"
183,VWA5B1,"Mesenchymal, Immune",0.9735696597214912,1.31437585,1.0,0.0346357338130474,False,2,"VWA5B1_Mesenchymal, Immune"
184,TSPYL5,Endothelial,0.7241260948628518,0.58170575,1.0,0.0012205386301502,True,2,TSPYL5_Endothelial
185,TRH,Endothelial,0.9487798182578194,4.3892694,1.0,0.0326134487986564,False,2,TRH_Endothelial
186,TP63,"Endothelial, Epithelial",0.9445406470651176,1.031393575,1.0,0.0034663222031667,True,2,"TP63_Endothelial, Epithelial"
187,TNFRSF10C,"Endothelial, Epithelial",0.748435552099503,0.609247935,1.0,0.0023631600197404,True,2,"TNFRSF10C_Endothelial, Epithelial"
188,TMEM239,Mesenchymal,0.9815955682412107,0.95767576,1.0,0.0342538878321647,False,2,TMEM239_Mesenchymal
189,TGFB1I1,Epithelial,0.5905740031322568,0.4464527,0.942214880345246,0.0003916912246495,True,2,TGFB1I1_Epithelial
190,TFAP2A,Immune,0.9962675294573524,0.73151875,1.0,0.003884733421728,True,2,TFAP2A_Immune
191,STAT5B,Immune,0.182888431290404,0.27788264,0.3334137118034532,0.0003995751321781,True,2,STAT5B_Immune
192,SPP1,Epithelial,0.6832472121713631,0.27549174,1.0,0.0004433364665601,True,2,SPP1_Epithelial
193,SOX2,Immune,0.96871703794487,1.644913,1.0,0.0057752318680286,True,2,SOX2_Immune
194,SLC4A9,"Mesenchymal, Immune, Endothelial",0.9669630055265136,1.4265853166666669,1.0,0.0328196287155151,False,2,"SLC4A9_Mesenchymal, Immune, Endothelial"
195,SFN,"Mesenchymal, Epithelial",0.3930474353392906,0.5989246,0.5351869871526496,0.000530108140083,True,2,"SFN_Mesenchymal, Epithelial"
196,SEMA3F,"Endothelial, Epithelial",0.3099759688440869,0.400488715,0.5013280260365615,0.0005073028441984,True,2,"SEMA3F_Endothelial, Epithelial"
197,RS1,"Mesenchymal, Immune, Endothelial",0.9514091515791646,15.515433,1.0,0.0319569793840249,False,2,"RS1_Mesenchymal, Immune, Endothelial"
198,RHO,Mesenchymal,0.9975914556872102,0.5021743,1.0,0.0347445607185363,False,2,RHO_Mesenchymal
199,PML,Epithelial,0.316927221681583,0.25624037,0.6501566788149034,0.000301246298477,True,2,PML_Epithelial
200,INHA,Epithelial,0.9152237448258844,1.977335,1.0,0.0059957024641335,True,2,INHA_Epithelial
201,CSF2,"Immune, Endothelial",0.8958714995977242,1.06388872,1.0,0.0081331222318112,True,2,"CSF2_Immune, Endothelial"
202,IL32,Immune,0.1468213632650273,0.62243146,0.2766577904484941,0.0002171281230403,True,2,IL32_Immune
203,CDKN1C,"Endothelial, Epithelial",0.8693270305676968,0.908717475,1.0,0.0026306876679882,True,2,"CDKN1C_Endothelial, Epithelial"
204,CDKN1B,Immune,0.0029835908391047,0.81756735,0.0088818939292626,0.0003112176200374,True,2,CDKN1B_Immune
205,CDK6,Epithelial,0.6406878919915286,0.41330156,0.9827749459233346,0.0008925450965762,True,2,CDK6_Epithelial
206,CCL26,Endothelial,0.9874944506535348,1.3516694,1.0,0.0081295790150761,True,2,CCL26_Endothelial
207,CCL20,Endothelial,0.9583536564757656,0.38570362,1.0,0.0009577313903719,True,2,CCL20_Endothelial
208,C19orf84,Endothelial,0.9294620479278972,22.895943,1.0,0.0310097057372331,False,2,C19orf84_Endothelial
209,C12orf50,Mesenchymal,0.9975914556872102,0.77021563,1.0,0.0343078412115573,False,2,C12orf50_Mesenchymal
210,BTN1A1,Endothelial,0.9681277442211824,1.7293502,1.0,0.034438706934452,False,2,BTN1A1_Endothelial
211,BTLA,"Mesenchymal, Immune",0.9682108167201788,2.4050654,1.0,0.0326536986976861,False,2,"BTLA_Mesenchymal, Immune"
212,BLK,Immune,0.2506107978370415,2.2279942,0.4354313368212869,0.0105114188045263,True,2,BLK_Immune
213,BHLHE40,Immune,4.146055428296645e-07,0.7633272,2.82004666802032e-06,0.000195060216356,True,2,BHLHE40_Immune
214,BCL2L15,Mesenchymal,0.9560439561629424,20.767115,1.0,0.0337783358991146,False,2,BCL2L15_Mesenchymal
215,AXL,Epithelial,0.75272549166715,0.821319,1.0,0.0003595775342546,True,2,AXL_Epithelial
216,ATM,Immune,0.2855713970677422,0.32036966,0.4855435444705245,0.0003717231738846,True,2,ATM_Immune
217,AREG,Immune,0.9575509505295754,0.39598763,1.0,0.0011425135890021,True,2,AREG_Immune
218,ALDH1A3,"Endothelial, Epithelial",0.8308961999163622,0.48251202,1.0,0.0009176056773867,True,2,"ALDH1A3_Endothelial, Epithelial"
219,ING1,"Immune, Endothelial",0.6654993636258858,0.255747685,0.965801518670248,0.0019488558755256,True,2,"ING1_Immune, Endothelial"
220,CDKN2AIP,Epithelial,0.6162275763109444,0.58928984,0.96327967631433,0.0008201482705771,True,2,CDKN2AIP_Epithelial
221,CDKN2D,Immune,0.6281015273636266,0.69430584,0.9024281944946196,0.0011448038276284,True,2,CDKN2D_Immune
222,BCL6,Epithelial,0.4496882919110162,0.46923682,0.8071542314152725,0.0003199925122316,True,2,BCL6_Epithelial
223,CXCL14,"Mesenchymal, Endothelial, Epithelial",0.8122627079498979,2.1316136,0.9538108028732458,0.0092334387203057,True,2,"CXCL14_Mesenchymal, Endothelial, Epithelial"
224,IL1A,Endothelial,0.9939090240759656,1.7387811,1.0,0.0031636767089366,True,2,IL1A_Endothelial
225,IGSF1,Mesenchymal,0.9975914556872102,1.4503368,1.0,0.0311853867024183,False,2,IGSF1_Mesenchymal
226,IFIT1B,Immune,0.9610661212786538,3.1293674,1.0,0.0326521657407283,False,2,IFIT1B_Immune
227,ICAM3,"Immune, Endothelial, Epithelial",0.8874479492041889,0.54168622,1.0,0.0016314975994949,True,2,"ICAM3_Immune, Endothelial, Epithelial"
228,HBS1L,Immune,0.7187488926184395,0.3446036,0.988615143500243,0.0002212318941019,True,2,HBS1L_Immune
229,GRK6,Epithelial,0.5924343396449696,0.6196651,0.9438446646814176,0.0006386346649378,True,2,GRK6_Epithelial
230,GRIN2A,Mesenchymal,0.9975617206642358,0.29523593,1.0,0.0333850532770156,False,2,GRIN2A_Mesenchymal
231,FFAR1,Immune,0.9029445954964928,1.1567268,1.0,0.0282393246889114,False,2,FFAR1_Immune
232,HSPA2,Mesenchymal,0.6986840380638811,0.4343682,0.9194180461774384,0.0021263982634991,True,2,HSPA2_Mesenchymal
233,ETS1,Immune,0.0024262198359059,0.8690884,0.0073860566084612,0.0002354228345211,True,2,ETS1_Immune
234,EIF2S2,Endothelial,0.8283349646251692,0.6310785,1.0,0.0040699965320527,True,2,EIF2S2_Endothelial
235,DDB2,"Endothelial, Epithelial",0.6978567276446389,0.44565392,0.9295249461725748,0.0005586694169323,True,2,"DDB2_Endothelial, Epithelial"
236,EGR4,Mesenchymal,0.9700785779663575,0.8911998,1.0,0.0336859300732612,False,2,EGR4_Mesenchymal
237,EGF,Mesenchymal,0.9975914556872102,0.7048368,1.0,0.0163350701332092,True,2,EGF_Mesenchymal
238,E2F1,Epithelial,0.8039268227719298,0.4572809,1.0,0.0026227161288261,True,2,E2F1_Epithelial
239,DKK4,Mesenchymal,0.9744024197282009,0.3852824,1.0,0.0345656648278236,False,2,DKK4_Mesenchymal
240,FBXO31,Immune,0.5198995046364694,0.4642291,0.7864051744618502,0.0008642899920232,True,2,FBXO31_Immune
241,PDIK1L,Endothelial,0.8385502347123343,0.63116634,1.0,0.0038088459987193,True,3,PDIK1L_Endothelial
242,PLAT,"Immune, Epithelial",0.5483310377083042,1.464347225,0.6436993505087822,0.0023692460963502,True,3,"PLAT_Immune, Epithelial"
243,PLAU,Epithelial,0.6150971940812614,0.8485191,0.9804847036681812,0.0012458176352083,True,3,PLAU_Epithelial
244,PPM1D,Endothelial,0.6811154169142766,0.29558602,1.0,0.0022448636591434,True,3,PPM1D_Endothelial
245,RABGGTA,"Endothelial, Epithelial",0.7479625364533088,0.31270449,0.9976007194155888,0.0015324655687436,True,3,"RABGGTA_Endothelial, Epithelial"
246,PTTG1,Endothelial,0.92706426398621,0.5458587,1.0,0.0059062456712126,True,3,PTTG1_Endothelial
247,RAB13,Epithelial,0.7056266484376029,0.33771333,1.0,0.0005715455044992,True,3,RAB13_Epithelial
248,RAET1L,Epithelial,0.7108581764567194,2.525836,1.0,0.0770984664559364,False,3,RAET1L_Epithelial
249,PAPPA,"Endothelial, Epithelial",0.7307368030849877,1.1975848999999998,1.0,0.0011604652972891,True,3,"PAPPA_Endothelial, Epithelial"
250,RGS7BP,Mesenchymal,0.8645478505548613,2.4149325,0.9968108799815548,0.0782022550702095,False,3,RGS7BP_Mesenchymal
251,PSMB5,Epithelial,0.9271587333124384,0.27878532,1.0,0.0007294808747246,True,3,PSMB5_Epithelial
252,NRG1,"Immune, Epithelial",0.8894197907606081,1.093133325,1.0,0.0093593415804207,True,3,"NRG1_Immune, Epithelial"
253,MMEL1,Mesenchymal,0.9801156918789234,1.2875,0.9968108799815548,0.066668264567852,False,3,MMEL1_Mesenchymal
254,NAP1L4,Epithelial,0.8223433990203011,0.270379,1.0,0.0008226031786762,True,3,NAP1L4_Epithelial
255,MYOZ1,Mesenchymal,0.8840335295715115,3.7954445,0.9968108799815548,0.0825942605733871,False,3,MYOZ1_Mesenchymal
256,MUC19,Mesenchymal,0.9808892493980076,1.5613552,0.9968108799815548,0.0810647755861282,False,3,MUC19_Mesenchymal
257,MMP13,Epithelial,0.94633542719894,0.44072118,1.0,0.0628804489970207,True,3,MMP13_Epithelial
258,MMP12,Mesenchymal,0.8695838002211905,0.81070477,0.9968108799815548,0.0055360496044158,True,3,MMP12_Mesenchymal
259,MMP10,Epithelial,0.3258458507216163,1.9393725,0.7737035231912153,0.0073137618601322,True,3,MMP10_Epithelial
260,MMP1,"Endothelial, Epithelial",0.7529930174820989,0.385724115,1.0,0.0011204591137357,True,3,"MMP1_Endothelial, Epithelial"
261,MAP2K6,Immune,0.9527567302519426,0.7465982,1.0,0.026095462962985,True,3,MAP2K6_Immune
262,MDM2,Endothelial,0.8485628340894004,0.25931692,1.0,0.0005325645324774,True,3,MDM2_Endothelial
263,MATK,Endothelial,0.95643470854562,0.4561884,1.0,0.0024049617350101,True,3,MATK_Endothelial
264,MAPK12,Immune,0.3016545398077238,1.4214711,0.590701037846127,0.0018149946117773,True,3,MAPK12_Immune
265,MAP2K7,Epithelial,0.873090500027882,0.72655725,1.0,0.0011767727555707,True,3,MAP2K7_Epithelial
266,RRAS,Epithelial,0.903646376643331,0.43550488,1.0,0.0014486986910924,True,3,RRAS_Epithelial
267,NDN,Epithelial,0.6789456442552888,0.50158215,1.0,0.0031184812542051,True,3,NDN_Epithelial
268,SCUBE3,Mesenchymal,0.9799609825955476,0.4201457,0.9968108799815548,0.0958006531000137,False,3,SCUBE3_Mesenchymal
269,TFAP2A,Epithelial,0.3656466704254131,1.7251612,0.811383636993977,0.0135618913918733,True,3,TFAP2A_Epithelial
270,SERPINB2,"Endothelial, Epithelial",0.6099611121047216,1.34986645,1.0,0.0015266039408743,True,3,"SERPINB2_Endothelial, Epithelial"
271,VEGFC,Epithelial,0.8001418279149516,0.9656622,1.0,0.0012283826945349,True,3,VEGFC_Epithelial
272,TTBK1,Mesenchymal,0.9996131057188994,1.50931,1.0,0.088451936841011,False,3,TTBK1_Mesenchymal
273,TRPM3,Mesenchymal,0.9808892493980076,1.8111225,0.9968108799815548,0.0816461220383644,False,3,TRPM3_Mesenchymal
274,TP63,"Immune, Epithelial",0.6207627113065666,1.4682651,0.870135699244012,0.0128727774135768,True,3,"TP63_Immune, Epithelial"
275,TNNI3,Mesenchymal,0.9225112185418302,23.034101,0.9968108799815548,0.0781552717089653,False,3,TNNI3_Mesenchymal
276,TNFRSF11B,Immune,0.8615161530454534,0.3058851,1.0,0.0032089687883853,True,3,TNFRSF11B_Immune
277,TNFRSF10C,"Mesenchymal, Immune, Epithelial",0.9337270888031513,0.94308356,0.9989369599938516,0.0060867841045061,True,3,"TNFRSF10C_Mesenchymal, Immune, Epithelial"
278,TMEM132E,Mesenchymal,0.9411680996156488,0.6951661,0.9968108799815548,0.0963523983955383,False,3,TMEM132E_Mesenchymal
279,TLR3,"Endothelial, Epithelial",0.7793137289420273,0.294030455,1.0,0.0051556264515966,True,3,"TLR3_Endothelial, Epithelial"
280,TIGD3,Immune,0.9785069810021294,0.256609,1.0,0.0758538022637367,False,3,TIGD3_Immune
281,TFAP4,Epithelial,0.8596555587529339,0.300521,1.0,0.010330831632018,True,3,TFAP4_Epithelial
282,LCP1,Endothelial,0.8470208003052603,0.45151928,1.0,0.0008420915692113,True,3,LCP1_Endothelial
283,TBX18,Mesenchymal,0.9996131057188994,1.8105706,1.0,0.0750955566763877,False,3,TBX18_Mesenchymal
284,SEMA3F,"Endothelial, Immune, Epithelial",0.7380859864227797,0.4137909266666666,1.0,0.001348213176243,True,3,"SEMA3F_Endothelial, Immune, Epithelial"
285,SYK,"Endothelial, Mesenchymal",0.8099950872998483,0.528675485,0.9745750029679988,0.0015364662976935,True,3,"SYK_Endothelial, Mesenchymal"
286,SRC,Endothelial,0.946244212861961,0.847941,1.0,0.0009734297054819,True,3,SRC_Endothelial
287,SPX,Epithelial,0.8616288358730951,2.591215,1.0,0.0716178566217422,True,3,SPX_Epithelial
288,SPP1,Mesenchymal,0.6104466227828927,0.49829194,0.8138351374922127,0.0012725596316158,True,3,SPP1_Mesenchymal
289,SORBS2,"Mesenchymal, Epithelial",0.9344198827056048,0.969808335,0.9984054399907774,0.0084676858969032,True,3,"SORBS2_Mesenchymal, Epithelial"
290,SLITRK5,Epithelial,0.8454745591013397,3.6896975,1.0,0.0769414603710174,False,3,SLITRK5_Epithelial
291,SLC39A12,Immune,0.955669880135402,2.629,1.0,0.0690196603536605,False,3,SLC39A12_Immune
292,SLC38A11,Immune,0.935389387351692,0.99021405,1.0,0.0779051780700683,False,3,SLC38A11_Immune
293,SLC25A52,"Mesenchymal, Immune",0.9578365062651274,12.50885605,1.0,0.0709121748805046,False,3,"SLC25A52_Mesenchymal, Immune"
294,SLC13A3,Epithelial,0.9084223904193762,0.42689756,1.0,0.0124826738610863,True,3,SLC13A3_Epithelial
295,SIRT1,Immune,0.7104905147746483,0.35384026,1.0,0.0028728945180773,True,3,SIRT1_Immune
296,SGK1,Epithelial,0.7566184230175682,0.6564011,1.0,0.0008287234231829,True,3,SGK1_Epithelial
297,SFN,"Mesenchymal, Epithelial",0.4363719130804493,0.7827269,0.6852558476022428,0.0014631362282671,True,3,"SFN_Mesenchymal, Epithelial"
298,SERPINB4,Epithelial,0.8227342289299002,1.3924043,1.0,0.0410521812736988,True,3,SERPINB4_Epithelial
299,SULT1E1,Mesenchymal,0.9614030147725108,2.0347495,0.9968108799815548,0.0805504098534584,False,3,SULT1E1_Mesenchymal
300,KLK6,"Mesenchymal, Epithelial",0.9265748752537784,2.6367152,0.9984054399907774,0.0776044316589832,False,3,"KLK6_Mesenchymal, Epithelial"
301,HK3,Endothelial,0.985864427949343,0.60287756,1.0,0.0017109636683017,True,3,HK3_Endothelial
302,KIF1A,Mesenchymal,0.9606301499689416,0.91171086,0.9968108799815548,0.0756468847393989,False,3,KIF1A_Mesenchymal
303,CSF2RB,Immune,0.1153412387927169,0.6104275,0.3027184760700078,0.0016362131573259,True,3,CSF2RB_Immune
304,CHEK1,"Endothelial, Epithelial",0.8604034099986253,1.0854182,1.0,0.0059683613944798,True,3,"CHEK1_Endothelial, Epithelial"
305,CDKN2D,"Mesenchymal, Epithelial",0.6298403778576299,0.375273135,0.9142994531156908,0.0032804176444187,True,3,"CDKN2D_Mesenchymal, Epithelial"
306,CDKN2B,Mesenchymal,0.5140905630615044,0.48677,0.7125408407315844,0.0023206979967653,True,3,CDKN2B_Mesenchymal
307,CDKN2AIP,"Endothelial, Immune",0.7599068110047603,0.36592597,1.0,0.0023061393294483,True,3,"CDKN2AIP_Endothelial, Immune"
308,CDKN1C,"Mesenchymal, Immune, Epithelial",0.8147243942358026,0.5550468833333334,0.967797059504556,0.006377812474966,True,3,"CDKN1C_Mesenchymal, Immune, Epithelial"
309,CDK18,Endothelial,0.9106575495104682,0.58837026,1.0,0.0018756606150418,True,3,CDK18_Endothelial
310,CD9,Immune,0.0073582740976973,0.48582703,0.0438197178578217,0.0005222667823545,True,3,CD9_Immune
311,CCL8,Mesenchymal,0.9634126312073124,0.5921034,0.9968108799815548,0.0047718044370412,True,3,CCL8_Mesenchymal
312,CCL4,Epithelial,0.9275578554569538,1.3889871,1.0,0.0037533000577241,True,3,CCL4_Epithelial
313,CCL24,Immune,0.9306402032517772,0.59479153,1.0,0.0164780411869287,True,3,CCL24_Immune
314,CCL20,Epithelial,0.5005682678917733,0.7687787,0.9084526531614896,0.0026242088060826,True,3,CCL20_Epithelial
315,CCL1,Immune,0.9384921474684462,0.35317165,1.0,0.0679518058896064,True,3,CCL1_Immune
316,CCDC87,"Mesenchymal, Epithelial",0.9212590426355514,3.03827405,0.9984054399907774,0.0772048719227314,False,3,"CCDC87_Mesenchymal, Epithelial"
317,CBX8,Mesenchymal,0.7924682710310624,0.5104829,0.9745636391196644,0.0056850519031286,True,3,CBX8_Mesenchymal
318,CADM2,Mesenchymal,0.9228962958998544,1.443627,0.9968108799815548,0.085501842200756,False,3,CADM2_Mesenchymal
319,BRAF,Epithelial,0.6055937216352495,0.42872283,0.9781627409367176,0.0018806760199368,True,3,BRAF_Epithelial
320,BMP6,"Immune, Epithelial",0.8640512098039712,1.06857953,1.0,0.0063699372112751,True,3,"BMP6_Immune, Epithelial"
321,BLK,"Mesenchymal, Immune",0.6348917662229622,13.4533101,0.8679469504980123,0.0395632181316614,True,3,"BLK_Mesenchymal, Immune"
322,BHLHE40,Immune,0.0746711675404578,0.5186188,0.2230275412591723,0.0005268637905828,True,3,BHLHE40_Immune
323,BDNF,Mesenchymal,0.8455237992945935,2.6808887,0.9968108799815548,0.0833946466445922,False,3,BDNF_Mesenchymal
324,AXL,Epithelial,0.992785980712704,0.3166065,1.0,0.0009578835451975,True,3,AXL_Epithelial
325,ANGPT1,Endothelial,0.9532983352197706,0.448752,1.0,0.0033276602625846,True,3,ANGPT1_Endothelial
326,ALDH1A3,Epithelial,0.0633776609479602,1.8775055,0.5019247251332717,0.0026945241261273,True,3,ALDH1A3_Epithelial
327,ADCK5,Immune,0.5225718636873193,0.3618142,0.8467009368328283,0.0030228791292756,True,3,ADCK5_Immune
328,ABI3,Immune,0.8592176266176959,0.52789974,1.0,0.0042129554785788,True,3,ABI3_Immune
329,VHLL,Mesenchymal,0.9996131057188994,0.97762835,1.0,0.0728334933519363,False,3,VHLL_Mesenchymal
330,CWH43,Mesenchymal,0.9614030147725108,1.555779,0.9968108799815548,0.0796516239643096,False,3,CWH43_Mesenchymal
331,CXCL14,Epithelial,0.8102499971722655,1.051847,1.0,0.0303264521062374,True,3,CXCL14_Epithelial
332,CXCL8,Epithelial,0.3498932444766771,0.66597337,0.7971993233063983,0.0005383889074437,True,3,CXCL8_Epithelial
333,CXCR2,Immune,0.8269821394819956,1.3371367,1.0,0.0380361303687095,True,3,CXCR2_Immune
334,KCNK4,Mesenchymal,0.9604755814247558,0.30177188,0.9968108799815548,0.0784204602241516,False,3,KCNK4_Mesenchymal
335,KCNA2,"Endothelial, Mesenchymal, Immune",0.8652307255405733,10.095408466666669,0.9989369599938516,0.0809317603707313,False,3,"KCNA2_Endothelial, Mesenchymal, Immune"
336,ITPKB,Endothelial,0.1306919346799304,0.40088603,0.707485411956165,0.0009275539196096,True,3,ITPKB_Endothelial
337,ITPKA,"Mesenchymal, Immune",0.97965154845899,0.78777682,1.0,0.0328957047313451,True,3,"ITPKA_Mesenchymal, Immune"
338,ITPK1,Endothelial,0.8942888429331953,0.65880036,1.0,0.0012226367834955,True,3,ITPK1_Endothelial
339,IRF3,Endothelial,0.95643470854562,0.5295788,1.0,0.0007622313569299,True,3,IRF3_Endothelial
340,IQGAP2,Epithelial,0.8913248823563564,0.7986191,1.0,0.0030166390351951,True,3,IQGAP2_Epithelial
341,INHA,Epithelial,0.80247157964485,1.905125,1.0,0.0172935184091329,True,3,INHA_Epithelial
342,ING1,Endothelial,0.9278463662361692,0.4627407,1.0,0.0050553125329315,True,3,ING1_Endothelial
343,IL18,"Mesenchymal, Immune",0.862565547261071,0.5879373649999999,0.9984054399907774,0.0018517331336624,True,3,"IL18_Mesenchymal, Immune"
344,IL15,"Endothelial, Epithelial",0.9192983739168312,1.099664,1.0,0.0053368979133665,True,3,"IL15_Endothelial, Epithelial"
345,IL10,Endothelial,0.7889093348106551,2.7028115,1.0,0.009892713278532,True,3,IL10_Endothelial
346,IHH,"Mesenchymal, Immune",0.9680829578340608,1.9489182,1.0,0.0763119161128997,False,3,"IHH_Mesenchymal, Immune"
347,KLHL33,Immune,0.9573209304672164,2.4229298,1.0,0.0741350948810577,False,3,KLHL33_Immune
348,IGFBP6,Epithelial,0.771944699674508,1.4154859,1.0,0.001920161768794,True,3,IGFBP6_Epithelial
349,IGFBP2,"Mesenchymal, Epithelial",0.7175948536079035,0.7974718000000001,0.9751037757599934,0.0031824420439079,True,3,"IGFBP2_Mesenchymal, Epithelial"
350,IFI16,Immune,0.3349156427165867,0.31177816,0.632807851684681,0.0005514585063792,True,3,IFI16_Immune
351,HGF,Immune,0.5562436035551457,1.2172413,0.8804656296378575,0.0019198985537514,True,3,HGF_Immune
352,HDAC1,Epithelial,0.5436577120335273,0.45831743,0.9364107908517996,0.0010171716567128,True,3,HDAC1_Epithelial
353,GJA3,Immune,0.9365528099492224,2.2822444,1.0,0.0763457864522934,False,3,GJA3_Immune
354,FOS,Endothelial,0.847406254083172,0.29048446,1.0,0.0011344680096954,True,3,FOS_Endothelial
355,FGF1,Epithelial,0.959538142602458,1.7682136,1.0,0.0194902699440717,True,3,FGF1_Epithelial
356,FBXO31,Mesenchymal,0.3352497864065293,0.38159618,0.5019039459986893,0.0022243543062359,True,3,FBXO31_Mesenchymal
357,EHF,"Endothelial, Epithelial",0.4520251946944802,1.6701145,0.7530013501650309,0.0030722343362867,True,3,"EHF_Endothelial, Epithelial"
358,EDN1,Immune,0.9617893763888716,0.27028763,1.0,0.0038045980036258,True,3,EDN1_Immune
359,DKK1,Immune,0.7258917333090704,0.33941212,1.0,0.002747461432591,True,3,DKK1_Immune
360,DDB2,"Endothelial, Immune",0.4873025073370518,0.8827495700000001,0.9591249562104835,0.0015083914040587,True,3,"DDB2_Endothelial, Immune"
361,CXXC4,Mesenchymal,0.9614030147725108,2.8502436,0.9968108799815548,0.0773424506187439,False,3,CXXC4_Mesenchymal
362,IGFBP5,"Mesenchymal, Epithelial",0.600177505265935,0.499551225,0.889742670127742,0.0020099480170756,True,3,"IGFBP5_Mesenchymal, Epithelial"
363,WNT2,Immune,0.7845223404615166,0.293291,1.0,0.0026984219439327,True,3,WNT2_Immune
